agency_cd,site_no,parameter_cd,ts_id,year_nu,month_nu,mean_va
USGS,8069000,60,134260,1944,7,4.95
USGS,8069000,60,134260,1944,8,23.3
USGS,8069000,60,134260,1944,9,65.6
USGS,8069000,60,134260,1944,10,12
USGS,8069000,60,134260,1944,11,231.8
USGS,8069000,60,134260,1944,12,579
USGS,8069000,60,134260,1945,1,781.8
USGS,8069000,60,134260,1945,2,245.2
USGS,8069000,60,134260,1945,3,33.3
USGS,8069000,60,134260,1945,4,1069
USGS,8069000,60,134260,1945,5,93.5
USGS,8069000,60,134260,1945,6,20.8
USGS,8069000,60,134260,1945,7,5.37
USGS,8069000,60,134260,1945,8,562.5
USGS,8069000,60,134260,1945,9,531.5
USGS,8069000,60,134260,1945,10,108.3
USGS,8069000,60,134260,1945,11,18.5
USGS,8069000,60,134260,1945,12,525.2
USGS,8069000,60,134260,1946,1,753.8
USGS,8069000,60,134260,1946,2,745.4
USGS,8069000,60,134260,1946,3,160.1
USGS,8069000,60,134260,1946,4,30.7
USGS,8069000,60,134260,1946,5,932.2
USGS,8069000,60,134260,1946,6,531.5
USGS,8069000,60,134260,1946,7,274.7
USGS,8069000,60,134260,1946,8,8.95
USGS,8069000,60,134260,1946,9,32.7
USGS,8069000,60,134260,1946,10,167.7
USGS,8069000,60,134260,1946,11,1788
USGS,8069000,60,134260,1946,12,129.2
USGS,8069000,60,134260,1947,1,870.4
USGS,8069000,60,134260,1947,2,23.1
USGS,8069000,60,134260,1947,3,122
USGS,8069000,60,134260,1947,4,8.48
USGS,8069000,60,134260,1947,5,460.6
USGS,8069000,60,134260,1947,6,48.7
USGS,8069000,60,134260,1947,7,13.4
USGS,8069000,60,134260,1947,8,30.7
USGS,8069000,60,134260,1947,9,13.2
USGS,8069000,60,134260,1947,10,2.99
USGS,8069000,60,134260,1947,11,6.27
USGS,8069000,60,134260,1947,12,123.6
USGS,8069000,60,134260,1948,1,24.4
USGS,8069000,60,134260,1948,2,45.8
USGS,8069000,60,134260,1948,3,44.2
USGS,8069000,60,134260,1948,4,42.5
USGS,8069000,60,134260,1948,5,20.9
USGS,8069000,60,134260,1948,6,2.34
USGS,8069000,60,134260,1948,7,2.94
USGS,8069000,60,134260,1948,8,0.087
USGS,8069000,60,134260,1948,9,2.52
USGS,8069000,60,134260,1948,10,1.18
USGS,8069000,60,134260,1948,11,3.77
USGS,8069000,60,134260,1948,12,0.71
USGS,8069000,60,134260,1949,1,33.5
USGS,8069000,60,134260,1949,2,226.8
USGS,8069000,60,134260,1949,3,240.8
USGS,8069000,60,134260,1949,4,463
USGS,8069000,60,134260,1949,5,89
USGS,8069000,60,134260,1949,6,3.11
USGS,8069000,60,134260,1949,7,30.1
USGS,8069000,60,134260,1949,8,57.5
USGS,8069000,60,134260,1949,9,22.6
USGS,8069000,60,134260,1949,10,1198
USGS,8069000,60,134260,1949,11,8.07
USGS,8069000,60,134260,1949,12,364.1
USGS,8069000,60,134260,1950,1,200.3
USGS,8069000,60,134260,1950,2,532.3
USGS,8069000,60,134260,1950,3,29.1
USGS,8069000,60,134260,1950,4,112.2
USGS,8069000,60,134260,1950,5,132.8
USGS,8069000,60,134260,1950,6,926.3
USGS,8069000,60,134260,1950,7,174.3
USGS,8069000,60,134260,1950,8,3.2
USGS,8069000,60,134260,1950,9,30.1
USGS,8069000,60,134260,1950,10,7.7
USGS,8069000,60,134260,1950,11,0.717
USGS,8069000,60,134260,1950,12,0.148
USGS,8069000,60,134260,1951,1,0.603
USGS,8069000,60,134260,1951,2,1.39
USGS,8069000,60,134260,1951,3,23.9
USGS,8069000,60,134260,1951,4,17.2
USGS,8069000,60,134260,1951,5,7.34
USGS,8069000,60,134260,1951,6,14.9
USGS,8069000,60,134260,1951,7,4.15
USGS,8069000,60,134260,1951,8,1.64
USGS,8069000,60,134260,1951,9,100.4
USGS,8069000,60,134260,1951,10,7.65
USGS,8069000,60,134260,1951,11,6.52
USGS,8069000,60,134260,1951,12,20.3
USGS,8069000,60,134260,1952,1,5.25
USGS,8069000,60,134260,1952,2,100.9
USGS,8069000,60,134260,1952,3,13.7
USGS,8069000,60,134260,1952,4,618.1
USGS,8069000,60,134260,1952,5,215.8
USGS,8069000,60,134260,1952,6,38.8
USGS,8069000,60,134260,1952,7,9.02
USGS,8069000,60,134260,1952,8,3.03
USGS,8069000,60,134260,1952,9,11.1
USGS,8069000,60,134260,1952,10,2.92
USGS,8069000,60,134260,1952,11,24.5
USGS,8069000,60,134260,1952,12,104.3
USGS,8069000,60,134260,1953,1,20.7
USGS,8069000,60,134260,1953,2,91.4
USGS,8069000,60,134260,1953,3,7.61
USGS,8069000,60,134260,1953,4,186.4
USGS,8069000,60,134260,1953,5,1260
USGS,8069000,60,134260,1953,6,4.81
USGS,8069000,60,134260,1953,7,8.67
USGS,8069000,60,134260,1953,8,25.8
USGS,8069000,60,134260,1953,9,69.6
USGS,8069000,60,134260,1953,10,17.5
USGS,8069000,60,134260,1953,11,82.6
USGS,8069000,60,134260,1953,12,146.2
USGS,8069000,60,134260,1954,1,94.2
USGS,8069000,60,134260,1954,2,2.7
USGS,8069000,60,134260,1954,3,0.397
USGS,8069000,60,134260,1954,4,3.16
USGS,8069000,60,134260,1954,5,5.78
USGS,8069000,60,134260,1954,6,2.15
USGS,8069000,60,134260,1954,7,341.6
USGS,8069000,60,134260,1954,8,41.8
USGS,8069000,60,134260,1954,9,1.79
USGS,8069000,60,134260,1954,10,59.1
USGS,8069000,60,134260,1954,11,10.5
USGS,8069000,60,134260,1954,12,37.3
USGS,8069000,60,134260,1955,1,50.6
USGS,8069000,60,134260,1955,2,282.2
USGS,8069000,60,134260,1955,3,1.5
USGS,8069000,60,134260,1955,4,5.13
USGS,8069000,60,134260,1955,5,4.65
USGS,8069000,60,134260,1955,6,6.07
USGS,8069000,60,134260,1955,7,13.2
USGS,8069000,60,134260,1955,8,27.6
USGS,8069000,60,134260,1955,9,16.3
USGS,8069000,60,134260,1955,10,2.57
USGS,8069000,60,134260,1955,11,0.023
USGS,8069000,60,134260,1955,12,1.37
USGS,8069000,60,134260,1956,1,27.3
USGS,8069000,60,134260,1956,2,40.8
USGS,8069000,60,134260,1956,3,0.213
USGS,8069000,60,134260,1956,4,6.76
USGS,8069000,60,134260,1956,5,1.77
USGS,8069000,60,134260,1956,6,5.4
USGS,8069000,60,134260,1956,7,4.42
USGS,8069000,60,134260,1956,8,0.142
USGS,8069000,60,134260,1956,9,1.21
USGS,8069000,60,134260,1956,10,0.126
USGS,8069000,60,134260,1956,11,1.14
USGS,8069000,60,134260,1956,12,8.36
USGS,8069000,60,134260,1957,1,1.41
USGS,8069000,60,134260,1957,2,3.77
USGS,8069000,60,134260,1957,3,206
USGS,8069000,60,134260,1957,4,166.5
USGS,8069000,60,134260,1957,5,175.6
USGS,8069000,60,134260,1957,6,16.4
USGS,8069000,60,134260,1957,7,0.958
USGS,8069000,60,134260,1957,8,0.99
USGS,8069000,60,134260,1957,9,30.2
USGS,8069000,60,134260,1957,10,443.6
USGS,8069000,60,134260,1957,11,357.2
USGS,8069000,60,134260,1957,12,43.3
USGS,8069000,60,134260,1958,1,695.7
USGS,8069000,60,134260,1958,2,207.8
USGS,8069000,60,134260,1958,3,14.9
USGS,8069000,60,134260,1958,4,11.1
USGS,8069000,60,134260,1958,5,59.9
USGS,8069000,60,134260,1958,6,1.64
USGS,8069000,60,134260,1958,7,0.265
USGS,8069000,60,134260,1958,8,2.44
USGS,8069000,60,134260,1958,9,103.5
USGS,8069000,60,134260,1958,10,35.4
USGS,8069000,60,134260,1958,11,6.82
USGS,8069000,60,134260,1958,12,0.223
USGS,8069000,60,134260,1959,1,1.01
USGS,8069000,60,134260,1959,2,133.9
USGS,8069000,60,134260,1959,3,7.55
USGS,8069000,60,134260,1959,4,835.2
USGS,8069000,60,134260,1959,5,325.3
USGS,8069000,60,134260,1959,6,126
USGS,8069000,60,134260,1959,7,41
USGS,8069000,60,134260,1959,8,90.4
USGS,8069000,60,134260,1959,9,18.8
USGS,8069000,60,134260,1959,10,38.7
USGS,8069000,60,134260,1959,11,70.7
USGS,8069000,60,134260,1959,12,156.2
USGS,8069000,60,134260,1960,1,242.5
USGS,8069000,60,134260,1960,2,337.3
USGS,8069000,60,134260,1960,3,29.2
USGS,8069000,60,134260,1960,4,35.2
USGS,8069000,60,134260,1960,5,96.5
USGS,8069000,60,134260,1960,6,1157
USGS,8069000,60,134260,1960,7,587.5
USGS,8069000,60,134260,1960,8,148.6
USGS,8069000,60,134260,1960,9,60.9
USGS,8069000,60,134260,1960,10,383.5
USGS,8069000,60,134260,1960,11,562
USGS,8069000,60,134260,1960,12,509.8
USGS,8069000,60,134260,1961,1,463.6
USGS,8069000,60,134260,1961,2,861.9
USGS,8069000,60,134260,1961,3,30.7
USGS,8069000,60,134260,1961,4,46.4
USGS,8069000,60,134260,1961,5,4.95
USGS,8069000,60,134260,1961,6,507.8
USGS,8069000,60,134260,1961,7,332.3
USGS,8069000,60,134260,1961,8,29.7
USGS,8069000,60,134260,1961,9,862.2
USGS,8069000,60,134260,1961,10,7.58
USGS,8069000,60,134260,1961,11,50.3
USGS,8069000,60,134260,1961,12,17.7
USGS,8069000,60,134260,1962,1,7.59
USGS,8069000,60,134260,1962,2,19.8
USGS,8069000,60,134260,1962,3,4.1
USGS,8069000,60,134260,1962,4,15
USGS,8069000,60,134260,1962,5,10.1
USGS,8069000,60,134260,1962,6,32.1
USGS,8069000,60,134260,1962,7,24
USGS,8069000,60,134260,1962,8,6.12
USGS,8069000,60,134260,1962,9,19.8
USGS,8069000,60,134260,1962,10,3.35
USGS,8069000,60,134260,1962,11,108.9
USGS,8069000,60,134260,1962,12,78.9
USGS,8069000,60,134260,1963,1,71.4
USGS,8069000,60,134260,1963,2,118.7
USGS,8069000,60,134260,1963,3,8.61
USGS,8069000,60,134260,1963,4,1.5
USGS,8069000,60,134260,1963,5,13
USGS,8069000,60,134260,1963,6,19.2
USGS,8069000,60,134260,1963,7,25.9
USGS,8069000,60,134260,1963,8,8.45
USGS,8069000,60,134260,1963,9,7.39
USGS,8069000,60,134260,1963,10,5.42
USGS,8069000,60,134260,1963,11,6.04
USGS,8069000,60,134260,1963,12,22.5
USGS,8069000,60,134260,1964,1,14.1
USGS,8069000,60,134260,1964,2,73.1
USGS,8069000,60,134260,1964,3,223.7
USGS,8069000,60,134260,1964,4,78.2
USGS,8069000,60,134260,1964,5,111.2
USGS,8069000,60,134260,1964,6,58.1
USGS,8069000,60,134260,1964,7,8.66
USGS,8069000,60,134260,1964,8,8.97
USGS,8069000,60,134260,1964,9,21.3
USGS,8069000,60,134260,1964,10,15
USGS,8069000,60,134260,1964,11,29.2
USGS,8069000,60,134260,1964,12,22.6
USGS,8069000,60,134260,1965,1,37.9
USGS,8069000,60,134260,1965,2,167.8
USGS,8069000,60,134260,1965,3,6.86
USGS,8069000,60,134260,1965,4,3.26
USGS,8069000,60,134260,1965,5,134.4
USGS,8069000,60,134260,1965,6,39.4
USGS,8069000,60,134260,1965,7,10.3
USGS,8069000,60,134260,1965,8,9.71
USGS,8069000,60,134260,1965,9,30.9
USGS,8069000,60,134260,1965,10,28.6
USGS,8069000,60,134260,1965,11,105.6
USGS,8069000,60,134260,1965,12,197.5
USGS,8069000,60,134260,1966,1,125.7
USGS,8069000,60,134260,1966,2,441.9
USGS,8069000,60,134260,1966,3,46.9
USGS,8069000,60,134260,1966,4,241.6
USGS,8069000,60,134260,1966,5,701.5
USGS,8069000,60,134260,1966,6,50.1
USGS,8069000,60,134260,1966,7,8.9
USGS,8069000,60,134260,1966,8,27.8
USGS,8069000,60,134260,1966,9,107.1
USGS,8069000,60,134260,1966,10,22.1
USGS,8069000,60,134260,1966,11,2.19
USGS,8069000,60,134260,1966,12,3.97
USGS,8069000,60,134260,1967,1,11.6
USGS,8069000,60,134260,1967,2,2.04
USGS,8069000,60,134260,1967,3,0.875
USGS,8069000,60,134260,1967,4,18.2
USGS,8069000,60,134260,1967,5,8.66
USGS,8069000,60,134260,1967,6,23.5
USGS,8069000,60,134260,1967,7,9.33
USGS,8069000,60,134260,1967,8,9.13
USGS,8069000,60,134260,1967,9,87.6
USGS,8069000,60,134260,1967,10,41.5
USGS,8069000,60,134260,1967,11,3.68
USGS,8069000,60,134260,1967,12,16.9
USGS,8069000,60,134260,1968,1,395.6
USGS,8069000,60,134260,1968,2,9.73
USGS,8069000,60,134260,1968,3,29.3
USGS,8069000,60,134260,1968,4,6.9
USGS,8069000,60,134260,1968,5,1013
USGS,8069000,60,134260,1968,6,836.5
USGS,8069000,60,134260,1968,7,105.4
USGS,8069000,60,134260,1968,8,8.62
USGS,8069000,60,134260,1968,9,124.6
USGS,8069000,60,134260,1968,10,71.1
USGS,8069000,60,134260,1968,11,174.2
USGS,8069000,60,134260,1968,12,273.5
USGS,8069000,60,134260,1969,1,37.2
USGS,8069000,60,134260,1969,2,807.9
USGS,8069000,60,134260,1969,3,218.7
USGS,8069000,60,134260,1969,4,63.6
USGS,8069000,60,134260,1969,5,234.1
USGS,8069000,60,134260,1969,6,13.9
USGS,8069000,60,134260,1969,7,17.3
USGS,8069000,60,134260,1969,8,14.8
USGS,8069000,60,134260,1969,9,27.1
USGS,8069000,60,134260,1969,10,10.4
USGS,8069000,60,134260,1969,11,46.2
USGS,8069000,60,134260,1969,12,40.1
USGS,8069000,60,134260,1970,1,25.4
USGS,8069000,60,134260,1970,2,23.4
USGS,8069000,60,134260,1970,3,212
USGS,8069000,60,134260,1970,4,122.9
USGS,8069000,60,134260,1970,5,199.4
USGS,8069000,60,134260,1970,6,46.3
USGS,8069000,60,134260,1970,7,16.2
USGS,8069000,60,134260,1970,8,6.79
USGS,8069000,60,134260,1970,9,42.2
USGS,8069000,60,134260,1970,10,541.2
USGS,8069000,60,134260,1970,11,66.7
USGS,8069000,60,134260,1970,12,4.22
USGS,8069000,60,134260,1971,1,1.86
USGS,8069000,60,134260,1971,2,4.63
USGS,8069000,60,134260,1971,3,1.27
USGS,8069000,60,134260,1971,4,10.3
USGS,8069000,60,134260,1971,5,45
USGS,8069000,60,134260,1971,6,4.21
USGS,8069000,60,134260,1971,7,6.32
USGS,8069000,60,134260,1971,8,81.4
USGS,8069000,60,134260,1971,9,53.2
USGS,8069000,60,134260,1971,10,37.3
USGS,8069000,60,134260,1971,11,4.76
USGS,8069000,60,134260,1971,12,290
USGS,8069000,60,134260,1972,1,85
USGS,8069000,60,134260,1972,2,85.2
USGS,8069000,60,134260,1972,3,96.9
USGS,8069000,60,134260,1972,4,25.4
USGS,8069000,60,134260,1972,5,1157
USGS,8069000,60,134260,1972,6,163
USGS,8069000,60,134260,1972,7,29.4
USGS,8069000,60,134260,1972,8,16.8
USGS,8069000,60,134260,1972,9,23.9
USGS,8069000,60,134260,1972,10,71.6
USGS,8069000,60,134260,1972,11,288.2
USGS,8069000,60,134260,1972,12,53.4
USGS,8069000,60,134260,1973,1,269.6
USGS,8069000,60,134260,1973,2,452.6
USGS,8069000,60,134260,1973,3,380
USGS,8069000,60,134260,1973,4,1133
USGS,8069000,60,134260,1973,5,89.6
USGS,8069000,60,134260,1973,6,1086
USGS,8069000,60,134260,1973,7,133.7
USGS,8069000,60,134260,1973,8,100.2
USGS,8069000,60,134260,1973,9,335.2
USGS,8069000,60,134260,1973,10,926.7
USGS,8069000,60,134260,1973,11,145.8
USGS,8069000,60,134260,1973,12,325.3
USGS,8069000,60,134260,1974,1,826.4
USGS,8069000,60,134260,1974,2,68.1
USGS,8069000,60,134260,1974,3,122.7
USGS,8069000,60,134260,1974,4,17.5
USGS,8069000,60,134260,1974,5,168.8
USGS,8069000,60,134260,1974,6,14.1
USGS,8069000,60,134260,1974,7,40.6
USGS,8069000,60,134260,1974,8,85
USGS,8069000,60,134260,1974,9,693.6
USGS,8069000,60,134260,1974,10,72.6
USGS,8069000,60,134260,1974,11,717.8
USGS,8069000,60,134260,1974,12,483.2
USGS,8069000,60,134260,1975,1,138.9
USGS,8069000,60,134260,1975,2,301.9
USGS,8069000,60,134260,1975,3,102.8
USGS,8069000,60,134260,1975,4,848
USGS,8069000,60,134260,1975,5,327
USGS,8069000,60,134260,1975,6,302.8
USGS,8069000,60,134260,1975,7,105.1
USGS,8069000,60,134260,1975,8,64.8
USGS,8069000,60,134260,1975,9,24
USGS,8069000,60,134260,1975,10,81.6
USGS,8069000,60,134260,1975,11,47.5
USGS,8069000,60,134260,1975,12,97
USGS,8069000,60,134260,1976,1,14.7
USGS,8069000,60,134260,1976,2,7.07
USGS,8069000,60,134260,1976,3,18.7
USGS,8069000,60,134260,1976,4,21.6
USGS,8069000,60,134260,1976,5,48.2
USGS,8069000,60,134260,1976,6,285.7
USGS,8069000,60,134260,1976,7,143.3
USGS,8069000,60,134260,1976,8,14.2
USGS,8069000,60,134260,1976,9,283.9
USGS,8069000,60,134260,1976,10,274.9
USGS,8069000,60,134260,1976,11,94.1
USGS,8069000,60,134260,1976,12,721.2
USGS,8069000,60,134260,1977,1,152.1
USGS,8069000,60,134260,1977,2,287.4
USGS,8069000,60,134260,1977,3,21
USGS,8069000,60,134260,1977,4,528.7
USGS,8069000,60,134260,1977,5,60.3
USGS,8069000,60,134260,1977,6,79.8
USGS,8069000,60,134260,1977,7,24.9
USGS,8069000,60,134260,1977,8,13.5
USGS,8069000,60,134260,1977,9,63
USGS,8069000,60,134260,1977,10,10.5
USGS,8069000,60,134260,1977,11,26.7
USGS,8069000,60,134260,1977,12,19.6
USGS,8069000,60,134260,1978,1,326.9
USGS,8069000,60,134260,1978,2,269.2
USGS,8069000,60,134260,1978,3,28.2
USGS,8069000,60,134260,1978,4,10.2
USGS,8069000,60,134260,1978,5,18.8
USGS,8069000,60,134260,1978,6,507.6
USGS,8069000,60,134260,1978,7,39.9
USGS,8069000,60,134260,1978,8,25.6
USGS,8069000,60,134260,1978,9,183
USGS,8069000,60,134260,1978,10,15.3
USGS,8069000,60,134260,1978,11,233
USGS,8069000,60,134260,1978,12,148
USGS,8069000,60,134260,1979,1,1168
USGS,8069000,60,134260,1979,2,614.1
USGS,8069000,60,134260,1979,3,141.4
USGS,8069000,60,134260,1979,4,812.6
USGS,8069000,60,134260,1979,5,546.9
USGS,8069000,60,134260,1979,6,327.1
USGS,8069000,60,134260,1979,7,211.9
USGS,8069000,60,134260,1979,8,48.4
USGS,8069000,60,134260,1979,9,826.6
USGS,8069000,60,134260,1979,10,64
USGS,8069000,60,134260,1979,11,378.9
USGS,8069000,60,134260,1979,12,261.4
USGS,8069000,60,134260,1980,1,518.6
USGS,8069000,60,134260,1980,2,400.8
USGS,8069000,60,134260,1980,3,117.5
USGS,8069000,60,134260,1980,4,35.4
USGS,8069000,60,134260,1980,5,277.4
USGS,8069000,60,134260,1980,6,42.8
USGS,8069000,60,134260,1980,7,31.6
USGS,8069000,60,134260,1980,8,20.7
USGS,8069000,60,134260,1980,9,104.1
USGS,8069000,60,134260,1980,10,392.6
USGS,8069000,60,134260,1980,11,50.4
USGS,8069000,60,134260,1980,12,42.9
USGS,8069000,60,134260,1981,1,90
USGS,8069000,60,134260,1981,2,37.1
USGS,8069000,60,134260,1981,3,40.7
USGS,8069000,60,134260,1981,4,93.4
USGS,8069000,60,134260,1981,5,360.2
USGS,8069000,60,134260,1981,6,369.9
USGS,8069000,60,134260,1981,7,310.4
USGS,8069000,60,134260,1981,8,86.3
USGS,8069000,60,134260,1981,9,441.1
USGS,8069000,60,134260,1981,10,86.5
USGS,8069000,60,134260,1981,11,108.7
USGS,8069000,60,134260,1981,12,93.8
USGS,8069000,60,134260,1982,1,33.8
USGS,8069000,60,134260,1982,2,33.5
USGS,8069000,60,134260,1982,3,28.2
USGS,8069000,60,134260,1982,4,79
USGS,8069000,60,134260,1982,5,775.5
USGS,8069000,60,134260,1982,6,28.6
USGS,8069000,60,134260,1982,7,42.2
USGS,8069000,60,134260,1982,8,45.8
USGS,8069000,60,134260,1982,9,24.4
USGS,8069000,60,134260,1982,10,124.2
USGS,8069000,60,134260,1982,11,500.7
USGS,8069000,60,134260,1982,12,320.6
USGS,8069000,60,134260,1983,1,155.8
USGS,8069000,60,134260,1983,2,523.7
USGS,8069000,60,134260,1983,3,258.7
USGS,8069000,60,134260,1983,4,50.6
USGS,8069000,60,134260,1983,5,783.4
USGS,8069000,60,134260,1983,6,196.4
USGS,8069000,60,134260,1983,7,251
USGS,8069000,60,134260,1983,8,499.7
USGS,8069000,60,134260,1983,9,220.9
USGS,8069000,60,134260,1983,10,40.6
USGS,8069000,60,134260,1983,11,67.9
USGS,8069000,60,134260,1983,12,187.8
USGS,8069000,60,134260,1984,1,83.6
USGS,8069000,60,134260,1984,2,171.6
USGS,8069000,60,134260,1984,3,116.2
USGS,8069000,60,134260,1984,4,43.5
USGS,8069000,60,134260,1984,5,90.8
USGS,8069000,60,134260,1984,6,35.9
USGS,8069000,60,134260,1984,7,87.6
USGS,8069000,60,134260,1984,8,43.6
USGS,8069000,60,134260,1984,9,46
USGS,8069000,60,134260,1984,10,491.2
USGS,8069000,60,134260,1984,11,102.1
USGS,8069000,60,134260,1984,12,48.7
USGS,8069000,60,134260,1985,1,74.5
USGS,8069000,60,134260,1985,2,279.9
USGS,8069000,60,134260,1985,3,398
USGS,8069000,60,134260,1985,4,81.9
USGS,8069000,60,134260,1985,5,31.5
USGS,8069000,60,134260,1985,6,253.8
USGS,8069000,60,134260,1985,7,77.7
USGS,8069000,60,134260,1985,8,54
USGS,8069000,60,134260,1985,9,72
USGS,8069000,60,134260,1985,10,169.9
USGS,8069000,60,134260,1985,11,523.7
USGS,8069000,60,134260,1985,12,378.7
USGS,8069000,60,134260,1986,1,35.3
USGS,8069000,60,134260,1986,2,173.1
USGS,8069000,60,134260,1986,3,32.5
USGS,8069000,60,134260,1986,4,33.2
USGS,8069000,60,134260,1986,5,97
USGS,8069000,60,134260,1986,6,541.4
USGS,8069000,60,134260,1986,7,33.9
USGS,8069000,60,134260,1986,8,49.6
USGS,8069000,60,134260,1986,9,133.4
USGS,8069000,60,134260,1986,10,203.5
USGS,8069000,60,134260,1986,11,169.1
USGS,8069000,60,134260,1986,12,599.3
USGS,8069000,60,134260,1987,1,199.9
USGS,8069000,60,134260,1987,2,210.8
USGS,8069000,60,134260,1987,3,106.2
USGS,8069000,60,134260,1987,4,25
USGS,8069000,60,134260,1987,5,86.6
USGS,8069000,60,134260,1987,6,869
USGS,8069000,60,134260,1987,7,217.4
USGS,8069000,60,134260,1987,8,43.6
USGS,8069000,60,134260,1987,9,46.7
USGS,8069000,60,134260,1987,10,24
USGS,8069000,60,134260,1987,11,488.6
USGS,8069000,60,134260,1987,12,368.3
USGS,8069000,60,134260,1988,1,76.9
USGS,8069000,60,134260,1988,2,55.6
USGS,8069000,60,134260,1988,3,105.1
USGS,8069000,60,134260,1988,4,40
USGS,8069000,60,134260,1988,5,39.5
USGS,8069000,60,134260,1988,6,36.4
USGS,8069000,60,134260,1988,7,60.1
USGS,8069000,60,134260,1988,8,49.5
USGS,8069000,60,134260,1988,9,32.7
USGS,8069000,60,134260,1988,10,32.8
USGS,8069000,60,134260,1988,11,27.1
USGS,8069000,60,134260,1988,12,39.6
USGS,8069000,60,134260,1989,1,128.7
USGS,8069000,60,134260,1989,2,43.2
USGS,8069000,60,134260,1989,3,89.5
USGS,8069000,60,134260,1989,4,40.8
USGS,8069000,60,134260,1989,5,769.7
USGS,8069000,60,134260,1989,6,501.1
USGS,8069000,60,134260,1989,7,63.4
USGS,8069000,60,134260,1989,8,95.2
USGS,8069000,60,134260,1989,9,74.8
USGS,8069000,60,134260,1989,10,43.5
USGS,8069000,60,134260,1989,11,32.1
USGS,8069000,60,134260,1989,12,31.1
USGS,8069000,60,134260,1990,1,65.8
USGS,8069000,60,134260,1990,2,197.3
USGS,8069000,60,134260,1990,3,111.5
USGS,8069000,60,134260,1990,4,173.9
USGS,8069000,60,134260,1990,5,181.6
USGS,8069000,60,134260,1990,6,43.6
USGS,8069000,60,134260,1990,7,96.3
USGS,8069000,60,134260,1990,8,44.7
USGS,8069000,60,134260,1990,9,63.1
USGS,8069000,60,134260,1990,10,88.3
USGS,8069000,60,134260,1990,11,72.2
USGS,8069000,60,134260,1990,12,46.9
USGS,8069000,60,134260,1991,1,935.7
USGS,8069000,60,134260,1991,2,228.8
USGS,8069000,60,134260,1991,3,74.8
USGS,8069000,60,134260,1991,4,985.3
USGS,8069000,60,134260,1991,5,114.8
USGS,8069000,60,134260,1991,6,240.7
USGS,8069000,60,134260,1991,7,69.4
USGS,8069000,60,134260,1991,8,44.9
USGS,8069000,60,134260,1991,9,112.1
USGS,8069000,60,134260,1991,10,46
USGS,8069000,60,134260,1991,11,212.7
USGS,8069000,60,134260,1991,12,930.6
USGS,8069000,60,134260,1992,1,764.4
USGS,8069000,60,134260,1992,2,1322
USGS,8069000,60,134260,1992,3,515.5
USGS,8069000,60,134260,1992,4,594
USGS,8069000,60,134260,1992,5,325.3
USGS,8069000,60,134260,1992,6,1141
USGS,8069000,60,134260,1992,7,187.2
USGS,8069000,60,134260,1992,8,88.1
USGS,8069000,60,134260,1992,9,41.5
USGS,8069000,60,134260,1992,10,40.4
USGS,8069000,60,134260,1992,11,159
USGS,8069000,60,134260,1992,12,175.9
USGS,8069000,60,134260,1993,1,480.8
USGS,8069000,60,134260,1993,2,128
USGS,8069000,60,134260,1993,3,516.2
USGS,8069000,60,134260,1993,4,507.3
USGS,8069000,60,134260,1993,5,1059
USGS,8069000,60,134260,1993,6,1093
USGS,8069000,60,134260,1993,7,68
USGS,8069000,60,134260,1993,8,81.2
USGS,8069000,60,134260,1993,9,46.5
USGS,8069000,60,134260,1993,10,108.3
USGS,8069000,60,134260,1993,11,134.7
USGS,8069000,60,134260,1993,12,59
USGS,8069000,60,134260,1994,1,65.8
USGS,8069000,60,134260,1994,2,386.5
USGS,8069000,60,134260,1994,3,151.5
USGS,8069000,60,134260,1994,4,65.3
USGS,8069000,60,134260,1994,5,315.8
USGS,8069000,60,134260,1994,6,116.9
USGS,8069000,60,134260,1994,7,37.7
USGS,8069000,60,134260,1994,8,82.2
USGS,8069000,60,134260,1994,9,63.5
USGS,8069000,60,134260,1994,10,1768
USGS,8069000,60,134260,1994,11,45.8
USGS,8069000,60,134260,1994,12,219.7
USGS,8069000,60,134260,1995,1,414.6
USGS,8069000,60,134260,1995,2,135.2
USGS,8069000,60,134260,1995,3,508.3
USGS,8069000,60,134260,1995,4,336.7
USGS,8069000,60,134260,1995,5,129.4
USGS,8069000,60,134260,1995,6,150.2
USGS,8069000,60,134260,1995,7,59.5
USGS,8069000,60,134260,1995,8,91.5
USGS,8069000,60,134260,1995,9,131.3
USGS,8069000,60,134260,1995,10,67.4
USGS,8069000,60,134260,1995,11,53
USGS,8069000,60,134260,1995,12,165.9
USGS,8069000,60,134260,1996,1,40.3
USGS,8069000,60,134260,1996,2,28.5
USGS,8069000,60,134260,1996,3,31.9
USGS,8069000,60,134260,1996,4,50.9
USGS,8069000,60,134260,1996,5,33.1
USGS,8069000,60,134260,1996,6,104.6
USGS,8069000,60,134260,1996,7,43.2
USGS,8069000,60,134260,1996,8,144.5
USGS,8069000,60,134260,1996,9,261.2
USGS,8069000,60,134260,1996,10,40.5
USGS,8069000,60,134260,1996,11,79.4
USGS,8069000,60,134260,1996,12,122.7
USGS,8069000,60,134260,1997,1,261.3
USGS,8069000,60,134260,1997,2,481.9
USGS,8069000,60,134260,1997,3,787.1
USGS,8069000,60,134260,1997,4,641.1
USGS,8069000,60,134260,1997,5,582.3
USGS,8069000,60,134260,1997,6,301.1
USGS,8069000,60,134260,1997,7,45.7
USGS,8069000,60,134260,1997,8,124.3
USGS,8069000,60,134260,1997,9,352.2
USGS,8069000,60,134260,1997,10,468
USGS,8069000,60,134260,1997,11,215.3
USGS,8069000,60,134260,1997,12,745
USGS,8069000,60,134260,1998,1,652.7
USGS,8069000,60,134260,1998,2,597.8
USGS,8069000,60,134260,1998,3,231.9
USGS,8069000,60,134260,1998,4,39.1
USGS,8069000,60,134260,1998,5,27.2
USGS,8069000,60,134260,1998,6,41.1
USGS,8069000,60,134260,1998,7,38.2
USGS,8069000,60,134260,1998,8,91.9
USGS,8069000,60,134260,1998,9,633.1
USGS,8069000,60,134260,1998,10,1736
USGS,8069000,60,134260,1998,11,1649
USGS,8069000,60,134260,1998,12,229.8
USGS,8069000,60,134260,1999,1,49.4
USGS,8069000,60,134260,1999,2,35.4
USGS,8069000,60,134260,1999,3,99.5
USGS,8069000,60,134260,1999,4,35.2
USGS,8069000,60,134260,1999,5,174.8
USGS,8069000,60,134260,1999,6,89.7
USGS,8069000,60,134260,1999,7,86
USGS,8069000,60,134260,1999,8,55.1
USGS,8069000,60,134260,1999,9,35.1
USGS,8069000,60,134260,1999,10,31.5
USGS,8069000,60,134260,1999,11,45.2
USGS,8069000,60,134260,1999,12,43
USGS,8069000,60,134260,2000,1,46.1
USGS,8069000,60,134260,2000,2,47.3
USGS,8069000,60,134260,2000,3,34.9
USGS,8069000,60,134260,2000,4,98.7
USGS,8069000,60,134260,2000,5,388.5
USGS,8069000,60,134260,2000,6,81.1
USGS,8069000,60,134260,2000,7,39.7
USGS,8069000,60,134260,2000,8,46.5
USGS,8069000,60,134260,2000,9,69.3
USGS,8069000,60,134260,2000,10,65.6
USGS,8069000,60,134260,2000,11,533.5
USGS,8069000,60,134260,2000,12,104
USGS,8069000,60,134260,2001,1,349.2
USGS,8069000,60,134260,2001,2,72.2
USGS,8069000,60,134260,2001,3,811.2
USGS,8069000,60,134260,2001,4,154.6
USGS,8069000,60,134260,2001,5,125.9
USGS,8069000,60,134260,2001,6,1527
USGS,8069000,60,134260,2001,7,72.3
USGS,8069000,60,134260,2001,8,144.9
USGS,8069000,60,134260,2001,9,609
USGS,8069000,60,134260,2001,10,487.3
USGS,8069000,60,134260,2001,11,121.4
USGS,8069000,60,134260,2001,12,581.4
USGS,8069000,60,134260,2002,1,76.2
USGS,8069000,60,134260,2002,2,74.6
USGS,8069000,60,134260,2002,3,61.7
USGS,8069000,60,134260,2002,4,300.3
USGS,8069000,60,134260,2002,5,48.1
USGS,8069000,60,134260,2002,6,96.5
USGS,8069000,60,134260,2002,7,192.9
USGS,8069000,60,134260,2002,8,276.7
USGS,8069000,60,134260,2002,9,237.8
USGS,8069000,60,134260,2002,10,692.9
USGS,8069000,60,134260,2002,11,1116
USGS,8069000,60,134260,2002,12,370.2
USGS,8069000,60,134260,2003,1,248.8
USGS,8069000,60,134260,2003,2,352.7
USGS,8069000,60,134260,2003,3,178.4
USGS,8069000,60,134260,2003,4,60
USGS,8069000,60,134260,2003,5,27.5
USGS,8069000,60,134260,2003,6,126.7
USGS,8069000,60,134260,2003,7,101.1
USGS,8069000,60,134260,2003,8,60.6
USGS,8069000,60,134260,2003,9,266.4
USGS,8069000,60,134260,2003,10,426.1
USGS,8069000,60,134260,2003,11,602.3
USGS,8069000,60,134260,2003,12,168.4
USGS,8069000,60,134260,2004,1,650
USGS,8069000,60,134260,2004,2,513.5
USGS,8069000,60,134260,2004,3,102.6
USGS,8069000,60,134260,2004,4,258.1
USGS,8069000,60,134260,2004,5,1051
USGS,8069000,60,134260,2004,6,848.9
USGS,8069000,60,134260,2004,7,246.4
USGS,8069000,60,134260,2004,8,135.1
USGS,8069000,60,134260,2004,9,67.8
USGS,8069000,60,134260,2004,10,118.6
USGS,8069000,60,134260,2004,11,1408
USGS,8069000,60,134260,2004,12,146.2
USGS,8069000,60,134260,2005,1,139.9
USGS,8069000,60,134260,2005,2,929.1
USGS,8069000,60,134260,2005,3,252.6
USGS,8069000,60,134260,2005,4,72.2
USGS,8069000,60,134260,2005,5,123
USGS,8069000,60,134260,2005,6,37.2
USGS,8069000,60,134260,2005,7,330.6
USGS,8069000,60,134260,2005,8,126.2
USGS,8069000,60,134260,2005,9,58.9
USGS,8069000,60,134260,2005,10,49.9
USGS,8069000,60,134260,2005,11,75.8
USGS,8069000,60,134260,2005,12,221.2
USGS,8069000,60,134260,2006,1,88
USGS,8069000,60,134260,2006,2,81.3
USGS,8069000,60,134260,2006,3,58.3
USGS,8069000,60,134260,2006,4,98.2
USGS,8069000,60,134260,2006,5,231.8
USGS,8069000,60,134260,2006,6,299.9
USGS,8069000,60,134260,2006,7,571.7
USGS,8069000,60,134260,2006,8,104.2
USGS,8069000,60,134260,2006,9,87.4
USGS,8069000,60,134260,2006,10,1287
USGS,8069000,60,134260,2006,11,91.9
USGS,8069000,60,134260,2006,12,135.1
USGS,8069000,60,134260,2007,1,638.5
USGS,8069000,60,134260,2007,2,128.7
USGS,8069000,60,134260,2007,3,629.5
USGS,8069000,60,134260,2007,4,250.3
USGS,8069000,60,134260,2007,5,502.5
USGS,8069000,60,134260,2007,6,450.6
USGS,8069000,60,134260,2007,7,980.8
USGS,8069000,60,134260,2007,8,199.4
USGS,8069000,60,134260,2007,9,132.9
USGS,8069000,60,134260,2007,10,330.5
USGS,8069000,60,134260,2007,11,407.5
USGS,8069000,60,134260,2007,12,62.6
USGS,8069000,60,134260,2008,1,243.7
USGS,8069000,60,134260,2008,2,343.7
USGS,8069000,60,134260,2008,3,180.8
USGS,8069000,60,134260,2008,4,70.5
USGS,8069000,60,134260,2008,5,200.9
USGS,8069000,60,134260,2008,6,90.8
USGS,8069000,60,134260,2008,7,87
USGS,8069000,60,134260,2008,8,286.5
USGS,8069000,60,134260,2008,9,1003
USGS,8069000,60,134260,2008,10,193.2
USGS,8069000,60,134260,2008,11,296.1
USGS,8069000,60,134260,2008,12,49.7
USGS,8069000,60,134260,2009,1,43.5
USGS,8069000,60,134260,2009,2,61.4
USGS,8069000,60,134260,2009,3,149.6
USGS,8069000,60,134260,2009,4,1392
USGS,8069000,60,134260,2009,5,450.8
USGS,8069000,60,134260,2009,6,44.7
USGS,8069000,60,134260,2009,7,114.7
USGS,8069000,60,134260,2009,8,60.7
USGS,8069000,60,134260,2009,9,140
USGS,8069000,60,134260,2009,10,709.6
USGS,8069000,60,134260,2009,11,116.7
USGS,8069000,60,134260,2009,12,373
USGS,8069000,60,134260,2010,1,205.5
USGS,8069000,60,134260,2010,2,433
USGS,8069000,60,134260,2010,3,121.6
USGS,8069000,60,134260,2010,4,121.9
USGS,8069000,60,134260,2010,5,153.4
USGS,8069000,60,134260,2010,6,77.3
USGS,8069000,60,134260,2010,7,425.9
USGS,8069000,60,134260,2010,8,64.9
USGS,8069000,60,134260,2010,9,218.2
USGS,8069000,60,134260,2010,10,32.3
USGS,8069000,60,134260,2010,11,82.1
USGS,8069000,60,134260,2010,12,68.1
USGS,8069000,60,134260,2011,1,171.2
USGS,8069000,60,134260,2011,2,48.7
USGS,8069000,60,134260,2011,3,79.4
USGS,8069000,60,134260,2011,4,35
USGS,8069000,60,134260,2011,5,39.1
USGS,8069000,60,134260,2011,6,61.8
USGS,8069000,60,134260,2011,7,56.2
USGS,8069000,60,134260,2011,8,44.6
USGS,8069000,60,134260,2011,9,55.4
USGS,8069000,60,134260,2011,10,133.6
USGS,8069000,60,134260,2011,11,118.2
USGS,8069000,60,134260,2011,12,207.4
USGS,8069000,60,134260,2012,1,295.9
USGS,8069000,60,134260,2012,2,501.1
USGS,8069000,60,134260,2012,3,443
USGS,8069000,60,134260,2012,4,94.8
USGS,8069000,60,134260,2012,5,58.2
USGS,8069000,60,134260,2012,6,180.4
USGS,8069000,60,134260,2012,7,1359
USGS,8069000,60,134260,2012,8,144.3
USGS,8069000,60,134260,2012,9,118.5
USGS,8069000,60,134260,2012,10,69.5
USGS,8069000,60,134260,2012,11,34.9
USGS,8069000,60,134260,2012,12,47
USGS,8069000,60,134260,2013,1,237.5
USGS,8069000,60,134260,2013,2,84.1
USGS,8069000,60,134260,2013,3,41
USGS,8069000,60,134260,2013,4,134.4
USGS,8069000,60,134260,2013,5,57.3
USGS,8069000,60,134260,2013,6,83
USGS,8069000,60,134260,2013,7,126.4
USGS,8069000,60,134260,2013,8,52.8
USGS,8069000,60,134260,2013,9,192.4
USGS,8069000,60,134260,2013,10,349.8
USGS,8069000,60,134260,2013,11,415.1
USGS,8069000,60,134260,2013,12,51.7
USGS,8069000,60,134260,2014,1,86.5
USGS,8069000,60,134260,2014,2,95.3
USGS,8069000,60,134260,2014,3,206.6
USGS,8069000,60,134260,2014,4,41.5
USGS,8069000,60,134260,2014,5,988.6
USGS,8069000,60,134260,2014,6,352.7
USGS,8069000,60,134260,2014,7,93.9
USGS,8069000,60,134260,2014,8,62.9
USGS,8069000,60,134260,2014,9,340.2
USGS,8069000,60,134260,2014,10,139.1
USGS,8069000,60,134260,2014,11,97.7
USGS,8069000,60,134260,2014,12,186.2
USGS,8069000,60,134260,2015,1,168.5
USGS,8069000,60,134260,2015,2,45.2
USGS,8069000,60,134260,2015,3,536
USGS,8069000,60,134260,2015,4,436.3
USGS,8069000,60,134260,2015,5,1338
USGS,8069000,60,134260,2015,6,814.8
USGS,8069000,60,134260,2015,7,127
USGS,8069000,60,134260,2015,8,131.9
USGS,8069000,60,134260,2015,9,142.8
USGS,8069000,60,134260,2015,10,417.8
USGS,8069000,60,134260,2015,11,305.8
USGS,8069000,60,134260,2015,12,329.3
USGS,8069000,60,134260,2016,1,213.4
USGS,8069000,60,134260,2016,2,118.6
USGS,8069000,60,134260,2016,3,791.6
USGS,8069000,60,134260,2016,4,2501
USGS,8069000,60,134260,2016,5,1331
USGS,8069000,60,134260,2016,6,1210
USGS,8069000,60,134260,2016,7,112.2
USGS,8069000,60,134260,2016,8,654.5
USGS,8069000,60,134260,2016,9,170.5
USGS,8069000,60,134260,2016,10,45.9
